,0
0,https://city24.ee/real-estate/apartments-for-sale/voru-maakond-voru-linn-olevi-tn/1095994
1,https://city24.ee/real-estate/apartments-for-sale/voru-maakond-voru-linn-laane-tn/6573824
2,https://city24.ee/real-estate/apartments-for-sale/voru-maakond-voru-linn-f-r-kreutzwaldi-tn/3418132
3,https://city24.ee/real-estate/apartments-for-sale/voru-maakond-voru-linn/8020091
4,https://city24.ee/real-estate/apartments-for-sale/voru-maakond-voru-linn-lembitu-tn/3460681
5,https://city24.ee/real-estate/apartments-for-sale/voru-maakond-voru-linn-kivi-tn/2641229
6,https://city24.ee/real-estate/apartments-for-sale/voru-maakond-voru-linn-lembitu-tn/5017756
7,https://city24.ee/real-estate/apartments-for-sale/voru-maakond-voru-linn-vilja-tn/8084873
8,https://city24.ee/real-estate/apartments-for-sale/voru-maakond-voru-linn-vilja-tn/2462938
9,https://city24.ee/real-estate/apartments-for-sale/voru-maakond-voru-linn-koreli-tn/4156003
10,https://city24.ee/real-estate/apartments-for-sale/voru-maakond-voru-linn-petseri-tn/8659657
11,https://city24.ee/real-estate/apartments-for-sale/voru-maakond-voru-linn-petseri-tn/3732998
12,https://city24.ee/real-estate/apartments-for-sale/voru-maakond-voru-linn-petseri-tn/8050417
13,https://city24.ee/real-estate/apartments-for-sale/voru-maakond-antsla-vald-uue-antsla-kula/6774281
14,https://city24.ee/real-estate/apartments-for-sale/rouge-vald-viitina-kula-manni/7554365
15,https://city24.ee/real-estate/apartments-for-sale/antsla-vald-lusti-kula-pika-tee/3710355
16,https://city24.ee/real-estate/apartments-for-sale/rouge-vald-varstu-alevik-pilpajarve-tn/5299456
17,https://city24.ee/real-estate/apartments-for-sale/voru-maakond-voru-linn-juri-tn/7858529
18,https://city24.ee/real-estate/apartments-for-sale/voru-maakond-voru-linn-jaama-tn/7889894
19,https://city24.ee/real-estate/apartments-for-sale/voru-maakond-voru-linn-tallinna-mnt/5471099
20,https://city24.ee/real-estate/apartments-for-sale/voru-maakond-voru-linn-olevi-tn/1985519
21,https://city24.ee/real-estate/apartments-for-sale/voru-vald-vaimela-alevik-pollu-tee/6665122
22,https://city24.ee/real-estate/apartments-for-sale/voru-maakond-voru-linn-kooli-tn/7232862
23,https://city24.ee/real-estate/apartments-for-sale/voru-vald-vaimela-alevik-papli-tee/8768851
24,https://city24.ee/real-estate/apartments-for-sale/voru-maakond-voru-linn-jaama-tn/9113415
25,https://city24.ee/real-estate/apartments-for-sale/voru-maakond-voru-linn-koreli-tn/7172134
